Ligue,Saison,precision
Liga,1617,0.5684210526315789
Liga,1718,0.5605263157894737
Liga,1819,0.4789473684210526
Liga,1920,0.5131578947368421
Liga,2021,0.5078947368421053
Liga,2122,0.5078947368421053
Liga,2223,0.5236842105263158
Liga,2324,0.5473684210526316
Liga,2425,0.5210526315789473
Liga,2526,0.5263157894736842
Liga,2627,0.53125
Ligue 1,1617,0.5184210526315789
Ligue 1,1718,0.5394736842105263
Ligue 1,1819,0.4605263157894737
Ligue 1,1920,0.5161290322580645
Ligue 1,2021,0.47368421052631576
Ligue 1,2122,0.5026315789473684
Ligue 1,2223,0.5236842105263158
Ligue 1,2324,0.4869281045751634
Ligue 1,2425,0.5588235294117647
Ligue 1,2526,0.5228758169934641
Ligue 1,2627,0.5609756097560976
Premier League,1617,0.5736842105263158
Premier League,1718,0.5421052631578948
Premier League,1819,0.5868421052631579
Premier League,1920,0.5368421052631579
Premier League,2021,0.5105263157894737
Premier League,2122,0.5526315789473685
Premier League,2223,0.5210526315789473
Premier League,2324,0.5684210526315789
Premier League,2425,0.531578947368421
Premier League,2526,0.4789473684210526
Premier League,2627,0.5111111111111111
