tranche,p_moyenne,frequence_reelle,n,issue
0,0.07259167956097956,0.13043478260869565,230,Victoire domicile
1,0.15688651249007565,0.19131334022750776,967,Victoire domicile
2,0.25369096253020695,0.2647241165530068,1613,Victoire domicile
3,0.3523077960216293,0.36849442379182157,2152,Victoire domicile
4,0.4490773735042918,0.44810905892700087,2274,Victoire domicile
5,0.5473791767287267,0.5506143943826799,1709,Victoire domicile
6,0.646594709591152,0.652885443583118,1161,Victoire domicile
7,0.7452389194763543,0.7297687861271677,692,Victoire domicile
8,0.8411083404081636,0.8314606741573034,356,Victoire domicile
9,0.925476134267869,0.9041095890410958,73,Victoire domicile
0,0.07505756211375628,0.09137055837563451,197,Nul
1,0.16355156256170175,0.17323290845886444,1726,Nul
2,0.25370866583494145,0.2602830313450602,7561,Nul
3,0.3229853592835563,0.28883774453394706,1738,Nul
0,0.06479354694008799,0.07772020725388601,965,Victoire extérieur
1,0.15320675719278318,0.15250344510794672,2177,Victoire extérieur
2,0.2503862740712999,0.24057450628366248,2785,Victoire extérieur
3,0.34627362121428146,0.33439201451905626,2204,Victoire extérieur
4,0.4454125705637614,0.4421818181818182,1375,Victoire extérieur
5,0.5463283172915393,0.5211267605633803,923,Victoire extérieur
6,0.6435914119040206,0.6120857699805068,513,Victoire extérieur
7,0.7430028850769314,0.6761904761904762,210,Victoire extérieur
8,0.8366636258017353,0.7945205479452054,73,Victoire extérieur
