saison,precision
2005,0.6613394216133942
2006,0.6603487490523123
2007,0.6447669977081741
2008,0.6869300911854104
2009,0.6904942965779468
2010,0.6920731707317073
2011,0.6819221967963387
2012,0.6713221601489758
2013,0.6742770167427702
2014,0.6504927975739196
2015,0.665903890160183
2016,0.6952887537993921
2017,0.6478227654698243
2018,0.6661585365853658
2019,0.6532012195121951
2020,0.6430446194225722
2021,0.6080273270708796
2022,0.6417233560090703
2023,0.6303030303030303
2024,0.643669446550417
2025,0.6472369417108251
2026,0.6739788199697428
