nom_source,nom_modele
AC Ajaccio,Ajaccio
AFC Bournemouth,Bournemouth
AJ Auxerre,Auxerre
AS Monaco,Monaco
AS Monaco FC,Monaco
AS Nancy Lorraine,Nancy
AS Saint-Étienne,St Etienne
Amiens SC,Amiens
Angers SCO,Angers
Arsenal FC,Arsenal
Aston Villa,Aston Villa
Aston Villa FC,Aston Villa
Athletic Club,Ath Bilbao
Atlético Madrid,Ath Madrid
Brentford FC,Brentford
Brighton & Hove Albion,Brighton
Brighton & Hove Albion FC,Brighton
Burnley FC,Burnley
CA Osasuna,Osasuna
CD Alavés,Alaves
CD Leganés,Leganes
Cardiff City,Cardiff
Chelsea FC,Chelsea
Clermont Foot 63,Clermont
Club Atlético de Madrid,Ath Madrid
Coventry City FC,Coventry
Crystal Palace,Crystal Palace
Crystal Palace FC,Crystal Palace
Cádiz CF,Cadiz
Deportivo Alavés,Alaves
Deportivo La Coruña,La Coruna
Dijon FCO,Dijon
EA Guingamp,Guingamp
ES Troyes AC,Troyes
ESTAC Troyes,Troyes
Elche CF,Elche
Espanyol Barcelona,Espanol
Everton FC,Everton
FC Barcelona,Barcelona
FC Lorient,Lorient
FC Metz,Metz
FC Nantes,Nantes
Fulham FC,Fulham
Gazélec FC Ajaccio,Ajaccio GFCO
Getafe CF,Getafe
Girona FC,Girona
Girondins Bordeaux,Bordeaux
Granada CF,Granada
Huddersfield Town,Huddersfield
Hull City,Hull
Hull City AFC,Hull
Ipswich Town FC,Ipswich
Le Havre AC,Le Havre
Le Mans FC,Le Mans
Leeds United FC,Leeds
Leicester City,Leicester
Leicester City FC,Leicester
Levante UD,Levante
Lille OSC,Lille
Liverpool FC,Liverpool
Luton Town FC,Luton
Manchester City,Man City
Manchester City FC,Man City
Manchester United,Man United
Manchester United FC,Man United
Middlesbrough FC,Middlesbrough
Montpellier HSC,Montpellier
Málaga CF,Malaga
Newcastle United,Newcastle
Newcastle United FC,Newcastle
Norwich City,Norwich
Norwich City FC,Norwich
Nottingham Forest FC,Nott'm Forest
Nîmes Olympique,Nimes
OGC Nice,Nice
Olympique Lyonnais,Lyon
Olympique Marseille,Marseille
Olympique de Marseille,Marseille
Paris FC,Paris FC
Paris Saint-Germain,Paris SG
Paris Saint-Germain FC,Paris SG
RC Celta,Celta
RC Celta de Vigo,Celta
RC Deportivo La Coruña,La Coruna
RC Lens,Lens
RC Strasbourg,Strasbourg
RC Strasbourg Alsace,Strasbourg
RCD Espanyol de Barcelona,Espanol
RCD Mallorca,Mallorca
Racing Club de Lens,Lens
Rayo Vallecano,Vallecano
Rayo Vallecano de Madrid,Vallecano
Real Betis,Betis
Real Betis Balompié,Betis
Real Madrid,Real Madrid
Real Madrid CF,Real Madrid
Real Oviedo,Oviedo
Real Racing Club de Santander,Racing Santander
Real Sociedad,Sociedad
Real Sociedad de Fútbol,Sociedad
Real Valladolid,Valladolid
Real Valladolid CF,Valladolid
SC Bastia,Bastia
SD Eibar,Eibar
SD Huesca,Huesca
SM Caen,Caen
Sevilla FC,Sevilla
Sheffield United,Sheffield United
Sheffield United FC,Sheffield United
Southampton FC,Southampton
Sporting Gijón,Sp Gijon
Stade Brestois 29,Brest
Stade Rennais,Rennes
Stade Rennais FC 1901,Rennes
Stade de Reims,Reims
Stoke City,Stoke
Sunderland AFC,Sunderland
Swansea City,Swansea
Tottenham Hotspur,Tottenham
Tottenham Hotspur FC,Tottenham
Toulouse FC,Toulouse
UD Almería,Almeria
UD Las Palmas,Las Palmas
Valencia CF,Valencia
Villarreal CF,Villarreal
Watford FC,Watford
West Bromwich Albion,West Brom
West Bromwich Albion FC,West Brom
West Ham United,West Ham
West Ham United FC,West Ham
Wolverhampton Wanderers,Wolves
Wolverhampton Wanderers FC,Wolves
