sport,id_cotes,date,debut_utc,dom,ext,p_dom,p_nul,p_ext,cote_dom,cote_nul,cote_ext,marge,n_bookmakers,releve_utc
la-liga,4e4c6763037ffc0e1dfe92ed16287b6d,2026-10-09,2026-10-09T19:00:00Z,Malaga,Espanol,0.34784138758473016,0.29877505247713865,0.3533835599381312,2.86,3.37,2.86,0.05470277092415756,19,2026-10-06T21:58:02Z
la-liga,3869391e3dbdcaa74153b11df56a3fe5,2026-10-10,2026-10-10T14:15:00Z,Alaves,Ath Madrid,0.22593266324104203,0.25725950640073564,0.5168078303582224,4.5,3.85,1.91,0.05427207852496458,18,2026-10-06T21:58:02Z
la-liga,edb80d633a1906e5865ab70cc9b540ea,2026-10-10,2026-10-10T16:30:00Z,Barcelona,Getafe,0.8951168914651518,0.06738457759355906,0.03749853094128912,1.09,18.5,45.0,0.05355869969052003,19,2026-10-06T21:58:02Z
la-liga,551f242223b1625f458d1a2ea212a0c3,2026-10-10,2026-10-10T19:00:00Z,Real Madrid,Villarreal,0.7135120548135017,0.16193148562357265,0.12455645956292567,1.37,6.4,9.0,0.05672158341800242,19,2026-10-06T21:58:02Z
la-liga,349c47668fdd909039a9408c14cad8bc,2026-10-10,2026-10-10T12:00:00Z,Vallecano,Ath Bilbao,0.33471485129117123,0.28463029890377944,0.3806548498050493,3.0,3.51,2.64,0.05535708256135134,19,2026-10-06T21:58:02Z
la-liga,984691837d31fd0c59c088f377f55f75,2026-10-11,2026-10-11T16:30:00Z,Betis,Osasuna,0.601727967628267,0.22619507398752658,0.17207695838420642,1.64,4.48,6.2,0.05714658531229614,19,2026-10-06T21:58:02Z
la-liga,7daf7edaf572eba3ac86196c663d67d3,2026-10-11,2026-10-11T12:00:00Z,Elche,Celta,0.34258476196348486,0.2930273558502018,0.3643878821863133,2.93,3.33,2.75,0.057615126735211165,19,2026-10-06T21:58:02Z
la-liga,66a4f4201806b928c9007116727fdd61,2026-10-11,2026-10-11T19:00:00Z,Racing Santander,Valencia,0.41503415285454137,0.26754594051845637,0.3174199066270022,2.42,3.71,3.15,0.05734585756549854,19,2026-10-06T21:58:02Z
la-liga,2997b68cc93f62d8a1dee9f06bedbefd,2026-10-11,2026-10-11T14:15:00Z,Sociedad,La Coruna,0.5667532780620222,0.24108456178313073,0.19216216015484702,1.75,4.2,5.4,0.05560072814676758,18,2026-10-06T21:58:02Z
la-liga,529fc26c7774d5b469932e275c668921,2026-10-12,2026-10-12T19:00:00Z,Levante,Sevilla,0.35651700907665673,0.2892754175118881,0.35420757341145515,2.84,3.41,2.79,0.056802786657572095,19,2026-10-06T21:58:02Z
la-liga,19ee731602634e5c9e3106630e087464,2026-10-16,2026-10-16T19:00:00Z,La Coruna,Levante,0.45565401312780845,0.27354331330181103,0.27080267357038046,2.17,3.62,3.6,0.07047379398496487,13,2026-10-06T21:58:02Z
la-liga,846e496fc232b2fc20214754836727d0,2026-10-17,2026-10-17T16:30:00Z,Betis,Barcelona,0.16657732945555104,0.17344137497673293,0.6599812955677161,6.9,6.4,1.49,0.07499176532471238,13,2026-10-06T21:58:02Z
la-liga,6436925dd15916d7041ba32b60000d48,2026-10-17,2026-10-17T12:00:00Z,Espanol,Ath Madrid,0.22850674134621546,0.2556538269293424,0.515839431724442,4.4,3.84,1.91,0.06692119286506482,13,2026-10-06T21:58:02Z
la-liga,f00cd1ea41fa39149729d14ebc07aa6c,2026-10-17,2026-10-17T19:00:00Z,Valencia,Ath Bilbao,0.27159353351350696,0.2776095826769539,0.4507968838095392,3.7,3.58,2.18,0.07150989029713564,14,2026-10-06T21:58:02Z
la-liga,aef660734585649651415961a9d177c6,2026-10-17,2026-10-17T14:15:00Z,Villarreal,Elche,0.6459334302177313,0.19794077622487288,0.15612579355739573,1.51,5.0,6.73,0.07148482467507396,14,2026-10-06T21:58:02Z
la-liga,aabe899ecc4c19a1fafe5440151b62e4,2026-10-18,2026-10-18T14:15:00Z,Celta,Alaves,0.47111356000724336,0.2781824617188855,0.2507039782738712,2.08,3.58,3.95,0.0737300062563209,13,2026-10-06T21:58:02Z
la-liga,1051298b4aca6f07113309bff598a5c1,2026-10-18,2026-10-18T16:30:00Z,Malaga,Sociedad,0.29772499992513357,0.2720734514970164,0.43020154857785003,3.3,3.63,2.29,0.0719469799462976,14,2026-10-06T21:58:02Z
la-liga,1f566f17c50fe5162724ec2863d2207b,2026-10-18,2026-10-18T12:00:00Z,Osasuna,Racing Santander,0.49794130808914794,0.2631484776963122,0.2389102142145399,1.95,3.68,4.32,0.07596924269636952,11,2026-10-06T21:58:02Z
la-liga,eccd63bf768e2f2a358b871d3f33a63d,2026-10-18,2026-10-18T19:00:00Z,Real Madrid,Sevilla,0.7543049456077776,0.15258987101118188,0.09310518338104054,1.3,7.2,12.5,0.07120914477625792,13,2026-10-06T21:58:02Z
la-liga,4a88bc4de574d43ef34677fd8d78722f,2026-10-19,2026-10-19T19:00:00Z,Getafe,Vallecano,0.33624875687773015,0.3035662180776799,0.3601850250445899,2.92,3.25,2.82,0.07438028424639288,14,2026-10-06T21:58:02Z
ligue-1,17694e68f399fdf9c5030021ec9bb595,2026-10-09,2026-10-09T18:45:00Z,Lens,Lyon,0.39211080260566017,0.2556003196710894,0.3522888777232504,2.56,3.9,2.8,0.05708388962859832,21,2026-10-06T21:58:02Z
ligue-1,007dc2ff845c33e3e18f2bd2bc126304,2026-10-10,2026-10-10T18:45:00Z,Brest,Angers,0.4808850854084965,0.2577454171388321,0.26136949745267135,2.04,3.85,3.8,0.059554275220260466,21,2026-10-06T21:58:02Z
ligue-1,2c173b3bd3a1491f17fcad1012019c4f,2026-10-10,2026-10-10T15:15:00Z,Lille,Le Havre,0.6640179933286557,0.19922212015274537,0.13675988651859888,1.48,5.1,7.8,0.05914423064331226,21,2026-10-06T21:58:02Z
ligue-1,3aa72885e0aa107c62843749f7930a9a,2026-10-10,2026-10-10T18:45:00Z,Lorient,Paris FC,0.2978182223618363,0.28613778753846447,0.41604399009969917,3.37,3.45,2.38,0.060337870635229864,20,2026-10-06T21:58:02Z
ligue-1,c2c64ebfc5810226f807c1920d580392,2026-10-10,2026-10-10T18:45:00Z,Monaco,Toulouse,0.5945765498312037,0.21929716183217862,0.1861262883366177,1.65,4.54,5.5,0.059788452169609325,21,2026-10-06T21:58:02Z
ligue-1,2849460eb4d15adbb20ec15927a0fd4a,2026-10-10,2026-10-10T18:45:00Z,Paris SG,Le Mans,0.8864806859030548,0.0751880452501405,0.03833126884680471,1.09,16.5,34.0,0.05471108346889193,21,2026-10-06T21:58:02Z
ligue-1,5d3606630a2d3a218a6340d082c1bdc6,2026-10-11,2026-10-11T13:00:00Z,Nice,Strasbourg,0.41006702408484774,0.26583773229808555,0.32409524361706665,2.45,3.75,3.07,0.06058738917932609,20,2026-10-06T21:58:02Z
ligue-1,34f584ab922e220dc4f3b81217959d6d,2026-10-11,2026-10-11T15:15:00Z,Rennes,Auxerre,0.6611775585581368,0.1929617329064594,0.14586070853540373,1.48,5.18,7.5,0.061076517720932595,21,2026-10-06T21:58:02Z
ligue-1,cb7067ac191abf32ad49dad45e46f639,2026-10-11,2026-10-11T18:45:00Z,Troyes,Marseille,0.25061277408904464,0.24393911926606462,0.5054481066448907,4.03,4.2,1.93,0.05899466150650787,21,2026-10-06T21:58:02Z
ligue-1,66c168c030f3faad3983fcadc3060009,2026-10-16,2026-10-16T18:45:00Z,Le Mans,Toulouse,0.30792794499429166,0.27751185312685295,0.4145602018788554,3.3,3.57,2.34,0.16863367700540668,16,2026-10-06T21:58:02Z
ligue-1,ad25a350c89b64715e15c59cde5653d3,2026-10-17,2026-10-17T18:45:00Z,Lille,Brest,0.5743981160077258,0.22736755882103377,0.19823432517124046,1.66,4.37,5.42,0.14724846036398487,16,2026-10-06T21:58:02Z
ligue-1,f3034246520a2ee4ff0ac0d5074966f8,2026-10-17,2026-10-17T15:15:00Z,Strasbourg,Paris SG,0.154958577663236,0.18395481376342615,0.6610866085733378,7.3,5.7,1.46,0.10627919068696247,16,2026-10-06T21:58:02Z
ligue-1,b077aa049133c0358bcd643bfee48da3,2026-10-17,2026-10-17T18:45:00Z,Troyes,Lens,0.24579540588162296,0.24705529187868844,0.5071493022396886,4.3,4.1,1.87,0.17587690854811805,16,2026-10-06T21:58:02Z
ligue-1,c7a60aa94470fe959fbf6b0c68060fc1,2026-10-18,2026-10-18T13:00:00Z,Angers,Marseille,0.30291792470620366,0.26310245396481036,0.433979621328986,3.3,3.8,2.28,0.17961676712091507,16,2026-10-06T21:58:02Z
ligue-1,d637845b9760bb02b55bbbaa32b5c21e,2026-10-18,2026-10-18T15:15:00Z,Le Havre,Auxerre,0.39410522212904425,0.27641574556797477,0.329479032302981,2.52,3.51,3.0,0.07351673928459053,16,2026-10-06T21:58:02Z
ligue-1,53f5fe7ed0ba0fbf6345c73270e4cd00,2026-10-18,2026-10-18T15:15:00Z,Lorient,Monaco,0.2766159998974067,0.2724836543158413,0.4509003457867519,3.75,3.58,2.17,0.07293729844107925,16,2026-10-06T21:58:02Z
ligue-1,471f891b1f6516a864ad94c8eb649f5e,2026-10-18,2026-10-18T18:45:00Z,Lyon,Nice,0.5545541403279625,0.24052843191763487,0.20491742775440264,1.71,4.2,5.24,0.17453530385910976,16,2026-10-06T21:58:02Z
ligue-1,27f7222d2abde93fc6e8d17b5b05b272,2026-10-18,2026-10-18T15:15:00Z,Paris FC,Rennes,0.4188790308215797,0.2721657821848102,0.30895518699361013,2.37,3.6,3.29,0.07498881090625718,16,2026-10-06T21:58:02Z
nba,2b042ddad3d3c6c6fe5b7005dc26c775,2026-10-20,2026-10-20T23:00:00Z,Knicks,Sixers,0.6242638920029032,,0.3757361079970968,1.58,,2.78,0.06243793723227724,16,2026-10-06T21:58:03Z
nba,26b036ff107f3c658258eaf4a6f26228,2026-10-20,2026-10-20T19:00:00Z,Pistons,Celtics,0.531557275154541,,0.46844272484545896,1.83,,2.12,0.06160275181710481,16,2026-10-06T21:58:03Z
nba,bccd283de56915e29af1788beb0abfc9,2026-10-20,2026-10-21T01:30:00Z,Spurs,Thunder,0.5488138809479228,,0.4511861190520771,1.79,,2.22,0.06045802160133687,16,2026-10-06T21:58:03Z
nba,f6be3e587d43c3821d8f059c3a1f1967,2026-10-21,2026-10-22T02:40:00Z,Clippers,Kings,0.5746315088420351,,0.4253684911579648,1.72,,2.28,0.03919216766867739,4,2026-10-06T21:58:03Z
nba,e6769c813dd625b622df94c14a562ce2,2026-10-21,2026-10-22T00:10:00Z,Grizzlies,Jazz,0.4349301115445459,,0.565069888455454,2.35,,1.79,0.06420860166395803,17,2026-10-06T21:58:03Z
nba,93cdd8e4ade5697cfccf42ee42c4d207,2026-10-21,2026-10-21T23:40:00Z,Heat,Timberwolves,0.5246573005995403,,0.4753426994004597,1.86,,2.07,0.06600082909086573,14,2026-10-06T21:58:03Z
nba,6fff70f4bf196dba25060a5775a03b54,2026-10-21,2026-10-22T02:10:00Z,Lakers,Warriors,0.6205079959429856,,0.37949200405701455,1.56,,2.72,0.06740515258036398,14,2026-10-06T21:58:03Z
nba,85e6e4e2404ef7268659739997758da1,2026-10-21,2026-10-21T23:10:00Z,Magic,Hawks,0.5518516580819606,,0.4481483419180394,1.79,,2.21,0.06390367790631216,17,2026-10-06T21:58:03Z
nba,47cc511bb5ce50f715e3625ce5ef77ee,2026-10-21,2026-10-21T23:30:00Z,Nets,Hornets,0.45124539976706435,,0.5487546002329358,2.2,,1.86,0.06375265121360531,17,2026-10-06T21:58:03Z
nba,fd33c09c84ab4c2fe6955d59f8dc5dd2,2026-10-21,2026-10-22T00:10:00Z,Pelicans,Pacers,0.4134876350599103,,0.5865123649400896,2.38,,1.71,0.06258477557053033,17,2026-10-06T21:58:03Z
nba,60431a347feac3f1c7ed925b8b769ec5,2026-10-21,2026-10-21T23:40:00Z,Raptors,Bulls,0.7346820774614131,,0.26531792253858694,1.32,,3.81,0.04724020921117367,4,2026-10-06T21:58:03Z
nba,af2f084075391e55ba2a596e7846bb40,2026-10-21,2026-10-22T00:40:00Z,Rockets,Mavericks,0.72352176865046,,0.27647823134953997,1.36,,3.73,0.06464785853096293,17,2026-10-06T21:58:03Z
nba,71e24359951927c356bd8c852fb867dd,2026-10-21,2026-10-22T02:10:00Z,Trailblazers,Suns,0.5944154485926322,,0.40558455140736777,1.69,,2.5,0.06422485224565257,17,2026-10-06T21:58:03Z
nba,164cc0396837d5ff433215ffd3279283,2026-10-21,2026-10-21T23:10:00Z,Wizards,Bucks,0.6494608466779241,,0.3505391533220759,1.54,,3.0,0.06270028224247214,17,2026-10-06T21:58:03Z
nba,110e33c79c5ec8c0377702aff685f83b,2026-10-22,2026-10-22T23:10:00Z,Sixers,Cavaliers,0.5939644674099652,,0.4060355325900348,1.68,,2.5,0.06810457713817361,14,2026-10-06T21:58:03Z
nba,223b2883b9b05a67329ef246384b85f1,2026-10-22,2026-10-23T01:40:00Z,Thunder,Nuggets,0.6974110531576273,,0.3025889468423727,1.39,,3.31,0.06811738097012697,14,2026-10-06T21:58:03Z
nba,0d34c898f6cbb990077ae9f0a2773513,2026-10-23,2026-10-23T23:10:00Z,Celtics,Knicks,0.5471160895485513,,0.45288391045144866,1.8,,2.14,0.07588068699549155,9,2026-10-06T21:58:03Z
nba,49fc89a9696a9a20b658732b34ce61c4,2026-10-23,2026-10-24T01:40:00Z,Spurs,Rockets,0.6672840721066281,,0.33271592789337195,1.46,,2.97,0.07564341609061777,9,2026-10-06T21:58:03Z
nba,036a93ca33d6261c21d4bfa6e0d02568,2026-10-30,2026-10-30T23:40:00Z,Celtics,Bulls,0.8328611898016997,,0.16713881019830026,1.18,,5.88,0.017525654329528573,1,2026-10-06T21:58:03Z
nba,c3a424e24d426af94a693e06a33e3037,2026-10-30,2026-10-31T00:10:00Z,Heat,Pacers,0.5725,,0.42750000000000005,1.71,,2.29,0.021476544344850357,1,2026-10-06T21:58:03Z
nba,b9778d0e3a26167eb49901dcae7eeb98,2026-10-30,2026-10-31T00:10:00Z,Mavericks,Rockets,0.40196078431372556,,0.5980392156862746,2.44,,1.64,0.019592163134745988,1,2026-10-06T21:58:03Z
nba,64df299b882ea19ad5f8cb0ed5516a6f,2026-10-30,2026-10-30T23:40:00Z,Nets,Pistons,0.26907630522088355,,0.7309236947791166,3.64,,1.34,0.02099393144169248,1,2026-10-06T21:58:03Z
nba,96a166bbd49782dbd9a61c2fb9069787,2026-10-30,2026-10-30T23:40:00Z,Sixers,Knicks,0.5318066157760813,,0.4681933842239186,1.84,,2.09,0.021947160391096343,1,2026-10-06T21:58:03Z
nba,9ae108f7a23e86e8102237053dd9e58d,2026-10-30,2026-10-31T02:10:00Z,Suns,Nuggets,0.45569620253164556,,0.5443037974683544,2.15,,1.8,0.02067183462532296,1,2026-10-06T21:58:03Z
nba,761c15cdefb5a94e34f234e11d6e57ad,2026-10-30,2026-10-31T02:10:00Z,Warriors,Lakers,0.5,,0.5,1.96,,1.96,0.020408163265306145,1,2026-10-06T21:58:03Z
nba,45ebc54751ef3e435192eaeb0470acfb,2026-10-30,2026-10-30T23:10:00Z,Wizards,Hornets,0.4872448979591837,,0.5127551020408163,2.01,,1.91,0.021072647235029107,1,2026-10-06T21:58:03Z
nba,6669b911691463c669a5c10574742e8e,2026-11-13,2026-11-14T00:10:00Z,Pacers,Knicks,0.45685279187817257,,0.5431472081218274,2.14,,1.8,0.022845275181723856,1,2026-10-06T21:58:03Z
nba,1fae7f34ec6035dffa74feb148ee26c7,2026-11-13,2026-11-14T02:40:00Z,Spurs,Warriors,0.8165137614678898,,0.18348623853211007,1.2,,5.34,0.02059925093632975,1,2026-10-06T21:58:03Z
nba,086d2fe80483ffcc280994fe2e12d4f4,2026-11-20,2026-11-21T03:10:00Z,Nuggets,Rockets,0.5725,,0.42750000000000005,1.71,,2.29,0.021476544344850357,1,2026-10-06T21:58:03Z
nba,6bfadbd22ed8a054cf82ec1b12b78243,2026-11-24,2026-11-25T03:10:00Z,Nuggets,Mavericks,0.7551789077212806,,0.24482109227871943,1.3,,4.01,0.018607327834260445,1,2026-10-06T21:58:03Z
nba,3167a4072c65c9314c71d0fe49be8e28,2026-11-24,2026-11-25T01:10:00Z,Wizards,Celtics,0.38072289156626504,,0.6192771084337348,2.57,,1.58,0.022016450770822038,1,2026-10-06T21:58:03Z
nba,4f6d199bb67cf3a517a3880fd2f00b26,2026-11-25,2026-11-25T22:10:00Z,Sixers,Heat,0.5911330049261084,,0.4088669950738916,1.66,,2.4,0.01907630522088355,1,2026-10-06T21:58:03Z
nba,07421d1675d6bc51bb5fa91f84a09eb3,2026-11-25,2026-11-26T00:40:00Z,Thunder,Timberwolves,0.7695099818511796,,0.2304900181488203,1.27,,4.24,0.023250631406923183,1,2026-10-06T21:58:03Z
nba,9aa9f220709533d70d11f85fae886771,2026-11-25,2026-11-26T03:10:00Z,Trailblazers,Spurs,0.40640394088669946,,0.5935960591133005,2.41,,1.65,0.02099836539670563,1,2026-10-06T21:58:03Z
nba,3c522e32c3035d7dc3e1734903b84654,2026-11-27,2026-11-28T00:10:00Z,Knicks,Heat,0.6168674698795181,,0.383132530120482,1.59,,2.56,0.019555817610062753,1,2026-10-06T21:58:03Z
nba,13d9ca3bcb664829c603755d31401002,2026-11-27,2026-11-28T02:40:00Z,Spurs,Lakers,0.7139874739039667,,0.28601252609603345,1.37,,3.42,0.022324668117983393,1,2026-10-06T21:58:03Z
nba,d60e7fc0690e4dff121a086395e24de4,2026-12-25,2026-12-25T19:30:00Z,Celtics,Heat,0.6244881754839373,,0.37551182451606274,1.56,,2.71,0.0690739455476755,14,2026-10-06T21:58:03Z
nba,a6555e8b7252dfb32f1817fc8c59ad83,2026-12-25,2026-12-25T17:00:00Z,Knicks,Spurs,0.5041715226025472,,0.4958284773974528,1.92,,2.01,0.06774342395672849,14,2026-10-06T21:58:03Z
nba,dfd908bad3a3bfcae9e08bf128273b18,2026-12-25,2026-12-25T22:00:00Z,Lakers,Sixers,0.5139124688896557,,0.48608753111034436,1.92,,2.0,0.06739900415969809,14,2026-10-06T21:58:03Z
nba,2b7218aa25cf98318a40e6f2469a5c5d,2026-12-25,2026-12-26T01:00:00Z,Timberwolves,Thunder,0.407273908988352,,0.592726091011648,2.38,,1.68,0.07121849294495264,12,2026-10-06T21:58:03Z
nba,85a2379bc49135f2759709e55af0c4c6,2026-12-25,2026-12-26T03:30:00Z,Warriors,Nuggets,0.45557281219914514,,0.5444271878008549,2.19,,1.79,0.07273322678683079,11,2026-10-06T21:58:03Z
premier-league,b870dcfba5e5920d3f1551a3aa1ea435,2026-10-10,2026-10-10T11:30:00Z,Arsenal,Leeds,0.6860076835246793,0.19251398526545974,0.12147833120986093,1.44,5.3,9.0,0.054283950007504904,22,2026-10-06T21:58:02Z
premier-league,02e6c0ccb11bb7ce78989ce49d67110b,2026-10-10,2026-10-10T14:00:00Z,Aston Villa,Brentford,0.35818944574984807,0.26966882483210847,0.3721417294180434,2.78,3.65,2.72,0.05380608003179319,23,2026-10-06T21:58:02Z
premier-league,45d4a466e32cd2b4ea535207923ceaf5,2026-10-10,2026-10-10T14:00:00Z,Chelsea,Bournemouth,0.5569871824254529,0.22875989298735905,0.21425292458718814,1.79,4.4,4.9,0.05230208501154038,23,2026-10-06T21:58:02Z
premier-league,288b4ff00c79daa712c911c564fe1be7,2026-10-10,2026-10-10T14:00:00Z,Ipswich,Fulham,0.3428991847384469,0.26895620010540194,0.3881446151561511,2.96,3.65,2.57,0.05399957485387612,23,2026-10-06T21:58:02Z
premier-league,22c9b2c43cbe1334381269550dab78e6,2026-10-10,2026-10-10T16:30:00Z,Man United,Tottenham,0.5556234725628842,0.22718538372270794,0.2171911437144079,1.76,4.5,4.7,0.05311545480086538,23,2026-10-06T21:58:02Z
premier-league,380b8f24ec5430fb545a7490c1017285,2026-10-10,2026-10-10T14:00:00Z,Sunderland,Brighton,0.3226842626314725,0.2726661915846123,0.4046495457839152,3.2,3.7,2.49,0.05357244608758561,23,2026-10-06T21:58:02Z
premier-league,86effab5c6e7bfd58c8e88b1fb7c6ba9,2026-10-11,2026-10-11T13:00:00Z,Crystal Palace,Nott'm Forest,0.3608811213171112,0.2875831538536701,0.35153572482921863,2.76,3.47,2.84,0.05187628482382234,23,2026-10-06T21:58:02Z
premier-league,0bdae4d304810578e47386606bff7106,2026-10-11,2026-10-11T13:00:00Z,Hull,Everton,0.2596767452563065,0.2812069667444577,0.45911628799923576,3.95,3.54,2.16,0.05208033946899543,23,2026-10-06T21:58:02Z
premier-league,6dbab232dd8d2aed0cb1d6f7978fb7b1,2026-10-11,2026-10-11T15:30:00Z,Liverpool,Man City,0.3701612420597898,0.2566062917956473,0.3732324661445629,2.7,3.9,2.67,0.0545681817453638,23,2026-10-06T21:58:02Z
premier-league,acd5bd945dd953ad1e300df5bfe696f9,2026-10-12,2026-10-12T19:00:00Z,Coventry,Newcastle,0.2860821109957349,0.26287662622669433,0.4510412627775708,3.6,3.85,2.18,0.05363419232046509,23,2026-10-06T21:58:02Z
premier-league,8f1945e7272bc7e89016439f5ab321c7,2026-10-17,2026-10-17T14:00:00Z,Brentford,Liverpool,0.3433655722042375,0.25680998397784394,0.3998244438179185,2.88,3.9,2.5,0.06892833797302163,16,2026-10-06T21:58:02Z
premier-league,764e6513cb3f348881503df70ccb90e0,2026-10-17,2026-10-17T11:30:00Z,Everton,Chelsea,0.3318784394727092,0.25636111038482445,0.41176045014246637,2.95,3.86,2.45,0.06944062662361214,16,2026-10-06T21:58:02Z
premier-league,7895f97f2f9577f3b13287a3d086859d,2026-10-17,2026-10-17T14:00:00Z,Fulham,Hull,0.5630798612617529,0.23871617408817986,0.19820396465006726,1.74,4.11,5.18,0.06703132887917163,16,2026-10-06T21:58:02Z
premier-league,bf2142d1ca76ba2fc9e61afce80f86c0,2026-10-17,2026-10-17T14:00:00Z,Man City,Ipswich,0.7675705950805135,0.14425355303365422,0.08817585188583221,1.26,7.5,13.5,0.0700240233420861,16,2026-10-06T21:58:02Z
premier-league,d1bbbdcd3d430e70091b518369b559cf,2026-10-17,2026-10-17T16:30:00Z,Newcastle,Aston Villa,0.4572882293061814,0.2517388772324032,0.2909728934614154,2.17,3.95,3.4,0.06798076617194398,16,2026-10-06T21:58:02Z
premier-league,dfd5d6648be46426e418801584d46a68,2026-10-18,2026-10-18T13:00:00Z,Bournemouth,Sunderland,0.47414629067381575,0.2646110487713734,0.2612426605548109,2.06,3.75,3.85,0.06930659447948993,16,2026-10-06T21:58:02Z
premier-league,9fc08b390a49c4434f7cf631a0bb88fb,2026-10-18,2026-10-18T13:00:00Z,Brighton,Crystal Palace,0.5820249115624422,0.22470868280356623,0.19326640563399158,1.67,4.45,5.5,0.06956485686253437,16,2026-10-06T21:58:02Z
premier-league,676b3b0b609e9cf565da450786618d26,2026-10-18,2026-10-18T13:00:00Z,Leeds,Man United,0.3329403511852289,0.2589963270779721,0.40806332173679893,2.95,3.8,2.44,0.06707808846452953,16,2026-10-06T21:58:02Z
premier-league,f696a248965373d9071dc0662e5c58a8,2026-10-18,2026-10-18T15:30:00Z,Nott'm Forest,Arsenal,0.16630263157688427,0.24208307281206118,0.5916142956110545,6.2,4.1,1.66,0.06956690315134827,16,2026-10-06T21:58:02Z
premier-league,9baaf4e48b041cfef04e70e42532502e,2026-10-19,2026-10-19T19:00:00Z,Tottenham,Coventry,0.6328342417186412,0.20916699613888756,0.15799876214247122,1.54,4.8,6.47,0.06834066893769754,16,2026-10-06T21:58:02Z
